_id,movie,user,rating,review_text,is_deleted,created_at,__v,likes[0],likes[1],likes[2],likes[3],comments[0],comments[1],comments[2],comments[3],comments[4],comments[5],comments[6],comments[7],comments[8],comments[9],comments[10],comments[11]
67977a47dee8c7cd3de202d3,67927323dee8c7cd3ddb944b,67977895dee8c7cd3de1d9bb,5,Nice movie,false,2025-01-27T12:21:27.187Z,36,67977895dee8c7cd3de1d9bb,,,,6819fab1a4a6913903f54343,,,,,,,,,,,
67983fe1dee8c7cd3de293e5,6784ebfa8aa424880ac501d7,67978394dee8c7cd3de2331b,5,"The Shawshank Redemption is not just a movie; it‚Äôs an experience that lingers in your heart long after the credits roll. It is a story of hope, friendship, and the unyielding resilience of the human spirit. From the very first scene, you are drawn into the somber yet strangely captivating world of Shawshank Prison, where despair looms large, but glimmers of humanity and hope shine through. Tim Robbins as Andy Dufresne is remarkable, embodying quiet strength and determination, while Morgan Freeman‚Äôs portrayal of Red is nothing short of legendary, delivering a performance full of wisdom, warmth, and authenticity.\n\nEvery frame of this masterpiece is carefully crafted, and every line of dialogue carries depth and meaning. The bond between Andy and Red is the soul of the film, reminding us of the power of connection even in the darkest places. The iconic scene of Andy standing in the rain, arms outstretched in triumph, is one of the most liberating and hopeful moments ever captured on film. It‚Äôs a testament to the idea that hope is not just an emotion‚Äîit‚Äôs a force strong enough to break even the toughest chains.\n\nThe Shawshank Redemption is more than a story about prison; it‚Äôs about the resilience of the human spirit and the transformative power of hope and kindness. It‚Äôs a film that teaches us that no matter how bleak life may seem, there‚Äôs always a way to rise above and reclaim your freedom‚Äîwhether it‚Äôs physical, emotional, or spiritual. A 5 out of 5 in every possible way, it‚Äôs a timeless classic that touches your soul and inspires you to see the world differently.",false,2025-01-28T02:24:33.925Z,0,,,,,,,,,,,,,,,,
67984043dee8c7cd3de29405,67925f1cdee8c7cd3ddb4e2a,67978394dee8c7cd3de2331b,5,"Hera Pheri is nothing short of a timeless gem in Indian cinema. With its perfect blend of comedy, chaos, and unforgettable characters, it has earned a special place in the hearts of millions. The chemistry between Raju, Shyam, and Baburao is pure magic, with Akshay Kumar, Suniel Shetty, and Paresh Rawal delivering performances that are iconic to this day. Baburao‚Äôs quirky dialogues and mannerisms, coupled with the hilarious situations the trio finds themselves in, make every scene a laugh riot.\n\nWhat makes Hera Pheri truly special is its simplicity and relatability. It‚Äôs a story of ordinary people with extraordinary dreams, trying to make their way in a world filled with mischief and madness. Despite the comedy, the film also has heart, showcasing friendship, struggle, and the little triumphs of life. The laugh-out-loud moments are balanced beautifully with an undercurrent of emotion that tugs at your heart.\n\nEven after so many years, Hera Pheri remains a cult classic, rewatched and quoted endlessly by fans of all ages. It‚Äôs a film that brings joy, nostalgia, and pure entertainment every single time. A well-deserved 5 out of 5 for this unforgettable masterpiece that continues to make us laugh like it‚Äôs the first time!",false,2025-01-28T02:26:11.636Z,1,67978394dee8c7cd3de2331b,,,,,,,,,,,,,,,
679899c8dee8c7cd3de3cb98,67927181dee8c7cd3ddb9012,67977895dee8c7cd3de1d9bb,5,Awesome Movie,false,2025-01-28T08:48:08.096Z,1,67978394dee8c7cd3de2331b,,,,,,,,,,,,,,,
679899efdee8c7cd3de3cbb6,67926e67dee8c7cd3ddb7ca8,67977895dee8c7cd3de1d9bb,5,Nice Movie Phir Hera Pheri,false,2025-01-28T08:48:47.333Z,0,,,,,,,,,,,,,,,,
67989a36dee8c7cd3de3cbc9,679262bbdee8c7cd3ddb6132,67977895dee8c7cd3de1d9bb,5,Hungama is nice movie. I am want to see again and again,false,2025-01-28T08:49:58.443Z,3,67978394dee8c7cd3de2331b,,,,67b8453fe31cabd7a2e4e85b,67b9c038e31cabd7a2ee61e3,,,,,,,,,,
67989a4ddee8c7cd3de3cbdb,679262bbdee8c7cd3ddb6132,67977895dee8c7cd3de1d9bb,5,Hungama is awesome movie,false,2025-01-28T08:50:21.566Z,1,67978394dee8c7cd3de2331b,,,,,,,,,,,,,,,
67989cd9dee8c7cd3de3d6f2,67927323dee8c7cd3ddb944b,67977895dee8c7cd3de1d9bb,5,Ajab Movie,false,2025-01-28T09:01:13.700Z,0,,,,,,,,,,,,,,,,
67989efbdee8c7cd3de3f853,6790e923366ba38eccfa008d,67977895dee8c7cd3de1d9bb,5,what a show on scam‚Ä¶.,false,2025-01-28T09:10:19.943Z,0,,,,,,,,,,,,,,,,
67989f66dee8c7cd3de407ae,6790fda5366ba38eccfa973b,67977895dee8c7cd3de1d9bb,5,What a movie on sagai,false,2025-01-28T09:12:06.633Z,0,,,,,,,,,,,,,,,,
6798a02bdee8c7cd3de41118,67925f1cdee8c7cd3ddb4e2a,67977895dee8c7cd3de1d9bb,5,What a Movie,false,2025-01-28T09:15:23.529Z,1,67978394dee8c7cd3de2331b,,,,,,,,,,,,,,,
6798a36adee8c7cd3de43af6,678b387a231a47ce4666b189,67977895dee8c7cd3de1d9bb,5,What a movie omkara ,false,2025-01-28T09:29:14.479Z,1,,,,,682717768d4c6cdbe9670337,,,,,,,,,,,
6798a443dee8c7cd3de448cf,67927323dee8c7cd3ddb944b,67977895dee8c7cd3de1d9bb,5,What a Movie Ajab Ajay,false,2025-01-28T09:32:51.920Z,0,,,,,,,,,,,,,,,,
6798a967dee8c7cd3de466e9,67927323dee8c7cd3ddb944b,67977895dee8c7cd3de1d9bb,5,Ajab 4,false,2025-01-28T09:54:47.888Z,0,,,,,,,,,,,,,,,,
6798ac42dee8c7cd3de46e15,67927323dee8c7cd3ddb944b,67978394dee8c7cd3de2331b,3,this is a decent movie,false,2025-01-28T10:06:58.987Z,0,,,,,,,,,,,,,,,,
67990446dee8c7cd3de5718c,67926e67dee8c7cd3ddb7ca8,6794ea3adee8c7cd3ddde621,5,Uthale re baba üòÇ,false,2025-01-28T16:22:30.561Z,0,,,,,,,,,,,,,,,,
679a0d5adee8c7cd3de5be12,6798e89fdee8c7cd3de557d0,67977895dee8c7cd3de1d9bb,5,Wow,false,2025-01-29T11:13:30.516Z,0,,,,,,,,,,,,,,,,
679a235cdee8c7cd3de66367,6798e89fdee8c7cd3de557d0,67977895dee8c7cd3de1d9bb,5,What a movie,false,2025-01-29T12:47:24.022Z,0,,,,,,,,,,,,,,,,
679a2447dee8c7cd3de66acb,6798e89fdee8c7cd3de557d0,67977895dee8c7cd3de1d9bb,5,Wow,false,2025-01-29T12:51:19.399Z,0,,,,,,,,,,,,,,,,
679a275ddee8c7cd3de67562,6798e75fdee8c7cd3de54f28,67977895dee8c7cd3de1d9bb,5,Wow,false,2025-01-29T13:04:29.022Z,0,,,,,,,,,,,,,,,,
679a27c4dee8c7cd3de67599,6798e89fdee8c7cd3de557d0,67977895dee8c7cd3de1d9bb,5,Wow,false,2025-01-29T13:06:12.084Z,0,,,,,,,,,,,,,,,,
679a28a0dee8c7cd3de67d0a,6798e89fdee8c7cd3de557d0,67977895dee8c7cd3de1d9bb,5,Kya bat,false,2025-01-29T13:09:52.297Z,1,67978394dee8c7cd3de2331b,,,,,,,,,,,,,,,
679a28afdee8c7cd3de67d2e,6798e75fdee8c7cd3de54f28,67977895dee8c7cd3de1d9bb,4,Wow,false,2025-01-29T13:10:07.716Z,0,,,,,,,,,,,,,,,,
679a28f1dee8c7cd3de6849b,6798e75fdee8c7cd3de54f28,67977895dee8c7cd3de1d9bb,2,A,false,2025-01-29T13:11:13.164Z,0,,,,,,,,,,,,,,,,
679a29a3dee8c7cd3de684e9,6798e75fdee8c7cd3de54f28,67977895dee8c7cd3de1d9bb,5,DD,false,2025-01-29T13:14:11.238Z,0,,,,,,,,,,,,,,,,
679a29d9dee8c7cd3de68c55,6798e45ddee8c7cd3de54682,67977895dee8c7cd3de1d9bb,5,Sss,false,2025-01-29T13:15:05.558Z,1,67cfb9de9d1b7a54e6159668,,,,,,,,,,,,,,,
679a29ebdee8c7cd3de68c7a,6798e45ddee8c7cd3de54682,67977895dee8c7cd3de1d9bb,5,Www,false,2025-01-29T13:15:23.091Z,12,67977895dee8c7cd3de1d9bb,67cfb9de9d1b7a54e6159668,,,,,,,,,,,,,,
679b442edee8c7cd3dea78f9,679a3a22dee8c7cd3de6df71,67977895dee8c7cd3de1d9bb,5,What movie Dabanga,false,2025-01-30T09:19:42.222Z,1,67978394dee8c7cd3de2331b,,,,,,,,,,,,,,,
679b4445dee8c7cd3dea7912,679a38f7dee8c7cd3de6db10,67977895dee8c7cd3de1d9bb,5,What a movie Tere name,false,2025-01-30T09:20:05.792Z,0,,,,,,,,,,,,,,,,
67a2f035dee8c7cd3d04cf5f,67a21fcadee8c7cd3d03afba,67977895dee8c7cd3de1d9bb,5,What a movie darling,false,2025-02-05T04:59:33.125Z,47,67977880dee8c7cd3de1d9b9,67e8309355d5c3520549444a,,,67a4b1f2d7de1eceb8658f67,67a4b20fd7de1eceb8658f6b,67a4b2dbd7de1eceb8658f6f,67a4b315d7de1eceb8658f73,67a4b400d7de1eceb8658f77,67a4b40ad7de1eceb8658f7b,67a58c199bce55e0bbefc8e0,67a58c419bce55e0bbefc8e4,67a58c989bce55e0bbefc8f3,,,
67a30c41dee8c7cd3d05469c,67a21fcadee8c7cd3d03afba,67977880dee8c7cd3de1d9b9,5,Wow what a movie,false,2025-02-05T06:59:13.971Z,34,67977880dee8c7cd3de1d9b9,67977895dee8c7cd3de1d9bb,67e8309355d5c3520549444a,,67a4b6dbd7de1eceb8658f7f,,,,,,,,,,,
67a48c2138754c114757dbcb,67a36c1b38754c114755b3e6,67977895dee8c7cd3de1d9bb,5,What a movie,false,2025-02-06T10:17:05.095Z,0,,,,,,,,,,,,,,,,
67a590629bce55e0bbf06b99,67a4e9c19bce55e0bbef70ee,67977895dee8c7cd3de1d9bb,5,Awesome Movie,false,2025-02-07T04:47:30.027Z,24,67977895dee8c7cd3de1d9bb,67978394dee8c7cd3de2331b,,,67a5934e9bce55e0bbf0cd7a,67a595c09bce55e0bbf0f4c2,67a59ac49bce55e0bbf142f2,67a59bd49bce55e0bbf142fc,67a59c959bce55e0bbf14302,67a59cea9bce55e0bbf1569a,67a5a2f49bce55e0bbf1a3a4,67a5a32a9bce55e0bbf1a3aa,67a5a4d69bce55e0bbf1b740,67a5d6c79bce55e0bbf2b64f,67a5dce99bce55e0bbf32258,67ac26ff6a89d0f069e9206b
67a5a5179bce55e0bbf1b750,67a4e81d9bce55e0bbef6ac7,67977895dee8c7cd3de1d9bb,5,Nice Movie,false,2025-02-07T06:15:51.309Z,4,67977880dee8c7cd3de1d9b9,,,,67a5a5259bce55e0bbf1b768,67a5a7099bce55e0bbf1d533,67a5dd989bce55e0bbf32260,,,,,,,,,
67a5a7329bce55e0bbf1e8c7,67a4e50a9bce55e0bbef5e9b,67977880dee8c7cd3de1d9b9,5,Awesome Movie,false,2025-02-07T06:24:50.629Z,10,67977895dee8c7cd3de1d9bb,,,,67a5a7469bce55e0bbf1e8e6,67a5a7759bce55e0bbf1fc8d,67a5e2949bce55e0bbf33ff9,,,,,,,,,
67a5ca269bce55e0bbf27b46,67a36ae438754c114755adf6,6794ea3adee8c7cd3ddde621,4,Good movie,false,2025-02-07T08:53:58.484Z,0,,,,,,,,,,,,,,,,
67ade34c5467acc8aeec1274,67ab59236a89d0f069e90f65,67977895dee8c7cd3de1d9bb,5,Wow,false,2025-02-13T12:19:24.327Z,5,67977895dee8c7cd3de1d9bb,,,,,,,,,,,,,,,
67b081f1cb9d95b67b16d15a,67af4f25cb9d95b67b0f07c6,67977895dee8c7cd3de1d9bb,3,Ok Movie,false,2025-02-15T12:00:49.185Z,21,67977895dee8c7cd3de1d9bb,67978394dee8c7cd3de2331b,,,67b5e9cf547527513e91f111,,,,,,,,,,,
67b2c951cb9d95b67b1d0c03,67b09326cb9d95b67b1b9afd,67977895dee8c7cd3de1d9bb,4,Awesome Movie this is ,false,2025-02-17T05:29:53.258Z,20,67978394dee8c7cd3de2331b,,,,67b2c968cb9d95b67b1d0c23,67b2e296cb9d95b67b21fa3f,67b2f0b9cb9d95b67b254b57,67b32304cb9d95b67b3493dd,67b82434e31cabd7a2d7e6d2,,,,,,,
67b53e32cb9d95b67b51e6d8,67af4f25cb9d95b67b0f07c6,67978394dee8c7cd3de2331b,4,"‚ÄúChhaava‚Äù is a grand and intense historical drama that brings the story of Chhatrapati Sambhaji Maharaj to life with power and emotion. Vicky Kaushal delivers a commanding performance, perfectly capturing Sambhaji‚Äôs strength, resilience, and unwavering spirit. His portrayal makes you feel the weight of history, the burden of leadership, and the fire of rebellion. Akshaye Khanna as Aurangzeb adds a menacing presence, making their clashes all the more gripping. The film‚Äôs cinematography and production design are stunning, transporting you to the Maratha empire with remarkable detail. The battle sequences are brutal yet beautifully choreographed, keeping the tension high and the stakes real.\n\nWhile the film excels in action and spectacle, it sometimes prioritizes intensity over deeper character moments. There are scenes where I wished for a stronger emotional connection beyond the battlefield, but the film‚Äôs passion for its subject is undeniable. It‚Äôs a powerful tribute to a fearless warrior, and despite its few shortcomings, it remains a captivating watch. A solid 4 out of 5 stars for its performances, scale, and historical depth.",false,2025-02-19T02:13:06.334Z,1,67978394dee8c7cd3de2331b,,,,,,,,,,,,,,,
67b7fd82e31cabd7a2c9b751,67926e67dee8c7cd3ddb7ca8,67978394dee8c7cd3de2331b,3,good time pass film!,false,2025-02-21T04:13:54.449Z,0,,,,,,,,,,,,,,,,
67bc066de31cabd7a2f18011,67b96a5ee31cabd7a2ec965c,67b9e3a0e31cabd7a2ee7342,5,The greatest love story ever ! ,false,2025-02-24T05:41:01.400Z,2,67978394dee8c7cd3de2331b,,,,67bc090ce31cabd7a2f19aa3,,,,,,,,,,,
67bc0d47e31cabd7a2f27899,67925f1cdee8c7cd3ddb4e2a,67bc0d0de31cabd7a2f25e2a,5,Good movie ,false,2025-02-24T06:10:15.256Z,2,67978394dee8c7cd3de2331b,,,,67c812e19d1b7a54e60d69ba,,,,,,,,,,,
67bc57e5e31cabd7a2f9558c,67b9787be31cabd7a2ee15fd,67bc4945e31cabd7a2f56cf8,5,Nice Movies,false,2025-02-24T11:28:37.834Z,1,67978394dee8c7cd3de2331b,,,,,,,,,,,,,,,
67bca50ae31cabd7a2129f4c,677cfd05015ec47cd3643456,67978394dee8c7cd3de2331b,5,"The best movie in my entire life, it‚Äôs a mind blowing movie!. All action lovers should watch this movie ",false,2025-02-24T16:57:46.694Z,3,67b9e3a0e31cabd7a2ee7342,67cfb9de9d1b7a54e6159668,,,67bec99ae31cabd7a22f75c5,,,,,,,,,,,
67bef4b4e31cabd7a23545a4,67af4f25cb9d95b67b0f07c6,67bedf9ee31cabd7a2332122,3,"Chhava is a recently released movie that brings to life the bravery and legacy of Sambhaji Maharaj, who carried forward the Maratha Empire‚Äôs vision after Chhatrapati Shivaji Maharaj. While the film showcases his remarkable courage in battling Aurangzeb, it also highlights his unwavering spirit during over 40 days of brutal torture, where he refused to surrender or accept any of Aurangzeb‚Äôs terms.\n\nIf you enjoy movies based on real historical figures, Chhava is worth watching. However, if you expect a grand cinematic experience like Baahubali, where every character is given a larger-than-life presence, you might be disappointed. While Sambhaji Maharaj‚Äôs character is portrayed well, the film could have elevated the supporting characters with the same depth and impact, making them equally memorable.",false,2025-02-26T11:02:12.536Z,20,67978394dee8c7cd3de2331b,67977895dee8c7cd3de1d9bb,,,67bef6c6e31cabd7a2359551,6801089643ce02c8f43bf91e,,,,,,,,,,
67c04d66e31cabd7a23e663a,67879bda8aa424880ac98898,67977895dee8c7cd3de1d9bb,3,Ok Movie,false,2025-02-27T11:32:54.304Z,2,,,,,67c04d73e31cabd7a23e6653,67c73afedf382a0ee43eeffa,,,,,,,,,,
67c0583ae31cabd7a23e8a13,67925f1cdee8c7cd3ddb4e2a,67be931ae31cabd7a22964ff,5,Nice Movie ,false,2025-02-27T12:19:06.885Z,3,67978394dee8c7cd3de2331b,,,,,,,,,,,,,,,
67c06b3dd0bb37f71f538dad,67aa06e69bce55e0bbfae426,67bc4945e31cabd7a2f56cf8,5,What a movie,false,2025-02-27T13:40:13.072Z,1,67978394dee8c7cd3de2331b,,,,,,,,,,,,,,,
67c14b7ed0bb37f71f58c3b8,6798e330dee8c7cd3de536da,67977895dee8c7cd3de1d9bb,5,What a mvies,false,2025-02-28T05:37:02.944Z,58,67977895dee8c7cd3de1d9bb,67978394dee8c7cd3de2331b,,,67c14da7d0bb37f71f58c3d1,67c5bf5a60b8a2fb696da9b5,,,,,,,,,,
67c196cf8d6803bcd613aebd,677cd2f2015ec47cd3637299,679dd040dee8c7cd3df3d90a,4,If you are a tennis lover you will love this movie. If you arnt then you could still give it a go. Mixed feels on this one ,false,2025-02-28T10:58:23.426Z,0,,,,,,,,,,,,,,,,
67c196fa8d6803bcd613cd89,67b971f0e31cabd7a2ed5e8f,679dd040dee8c7cd3df3d90a,5,Timeless movie. Can watch it anytime over and over again ,false,2025-02-28T10:59:06.184Z,0,,,,,,,,,,,,,,,,
67c2c27759646841f2c70496,67af4f25cb9d95b67b0f07c6,67be931ae31cabd7a22964ff,5,Best movie ,false,2025-03-01T08:16:55.971Z,16,67978394dee8c7cd3de2331b,67977895dee8c7cd3de1d9bb,,,,,,,,,,,,,,
67c5de0360b8a2fb696e13ee,67a36c1b38754c114755b3e6,67977895dee8c7cd3de1d9bb,4,What a movie this is,false,2025-03-03T16:51:15.277Z,5,,,,,67c5de1e60b8a2fb696e2863,,,,,,,,,,,
67c68b0d60b8a2fb696f2be4,67a60c349bce55e0bbf92a8f,67977895dee8c7cd3de1d9bb,5,What a movie,false,2025-03-04T05:09:33.249Z,0,,,,,,,,,,,,,,,,
67c6a436c29493a5f4b2bc9f,677d0888015ec47cd36447bc,67977895dee8c7cd3de1d9bb,5,What a movie alien,false,2025-03-04T06:56:54.097Z,5,67977895dee8c7cd3de1d9bb,67978394dee8c7cd3de2331b,,,67c6a459c29493a5f4b2d934,,,,,,,,,,,
67c737acdf382a0ee43e76ee,67becf26e31cabd7a2302b72,67977895dee8c7cd3de1d9bb,5,What a movie,false,2025-03-04T17:26:04.037Z,9,67977895dee8c7cd3de1d9bb,,,,,,,,,,,,,,,
67c73bcedf382a0ee43ef02d,679deee6dee8c7cd3df4bb3d,67977895dee8c7cd3de1d9bb,4,What a movie,false,2025-03-04T17:43:42.500Z,4,67977895dee8c7cd3de1d9bb,,,,67c73bf5df382a0ee43ef0c4,,,,,,,,,,,
67c797a2df382a0ee43f022a,678b53a2231a47ce4667780e,67977895dee8c7cd3de1d9bb,4,What a movie,false,2025-03-05T00:15:30.534Z,4,67977895dee8c7cd3de1d9bb,,,,67c827159d1b7a54e613f31a,,,,,,,,,,,
67c82f039d1b7a54e61b527f,678638338aa424880ac80ef7,67977895dee8c7cd3de1d9bb,5,Aaa,false,2025-03-05T11:01:23.930Z,4,,,,,,,,,,,,,,,,
67c900259d1b7a54e643ab69,67b33ca5cb9d95b67b3809ed,67978394dee8c7cd3de2331b,4,"David Fincher never misses when it comes to psychological thrillers, and Gone Girl is proof of that. This isn‚Äôt just a movie; it‚Äôs an experience‚Äîone that pulls you into a marriage gone horribly wrong and leaves you questioning everything.\n\nFrom the very first frame, the film grips you with its eerie stillness, its unsettling calm before the storm. Ben Affleck delivers a solid performance as Nick Dunne, a man caught in the worst nightmare imaginable when his wife, Amy (played brilliantly by Rosamund Pike), goes missing under suspicious circumstances. But let‚Äôs be honest, this is Rosamund Pike‚Äôs film. She embodies Amy with such precision‚Äîcold, calculated, yet eerily charming. Her performance is nothing short of chilling.\n\nThe screenplay, adapted by Gillian Flynn from her own novel, is razor-sharp. It plays with perception, media manipulation, and gender dynamics in a way that feels disturbingly real. The twists hit hard, and even if you‚Äôve read the book, seeing them unfold on screen still leaves an impact. The haunting score by Trent Reznor and Atticus Ross only amplifies the unease, making every scene feel like a slow descent into madness.\n\nWhy not 5 stars? The second half slightly drags in parts, and some moments feel a bit exaggerated. But that doesn‚Äôt take away from how masterfully crafted this film is. It‚Äôs dark, it‚Äôs clever, and it leaves you unsettled long after the credits roll. If you love psychological thrillers with a sharp edge, Gone Girl is a must-watch.",false,2025-03-06T01:53:41.841Z,1,67978394dee8c7cd3de2331b,,,,,,,,,,,,,,,
67ca8eb69d1b7a54e6761bca,67a0cbf2dee8c7cd3df979da,67977895dee8c7cd3de1d9bb,5,What a movie is this.,false,2025-03-07T06:14:14.313Z,8,67978394dee8c7cd3de2331b,67977895dee8c7cd3de1d9bb,,,67ff9f2343ce02c8f4e67d07,67ff9f2d43ce02c8f4e67e42,67ff9f3843ce02c8f4e6801d,67ff9f6543ce02c8f4e68679,67ffa2a043ce02c8f4e6fe99,67ffa6cb43ce02c8f4e7b5b1,,,,,,
67caae0c9d1b7a54e68d2aaf,6790f780366ba38eccfa6f63,67977895dee8c7cd3de1d9bb,4,What a Movie,false,2025-03-07T08:27:56.169Z,0,,,,,,,,,,,,,,,,
67cbd7b39d1b7a54e6c3cd5a,6779077709444f5a0efd5aa7,67977895dee8c7cd3de1d9bb,4,What a movie,false,2025-03-08T05:37:55.673Z,2,67977895dee8c7cd3de1d9bb,,,,67cbd7c89d1b7a54e6c3e225,,,,,,,,,,,
67cebc2f9d1b7a54e607a9ca,66a204c8519ff3d289917b93,67977895dee8c7cd3de1d9bb,5,What a movie,false,2025-03-10T10:17:19.910Z,2,67977895dee8c7cd3de1d9bb,67978394dee8c7cd3de2331b,,,,,,,,,,,,,,
67cfba749d1b7a54e6159673,6787c4fb590503ad60a9ef99,67cfb9de9d1b7a54e6159668,5,"12th Fail is an inspiring tale of resilience and perseverance. Vikrant Massey delivers a powerful performance, making the journey feel real and emotional. The film‚Äôs raw storytelling and gripping narrative highlight the power of second chances. A must-watch for anyone seeking motivation",false,2025-03-11T04:22:12.771Z,0,,,,,,,,,,,,,,,,
67cfbaf39d1b7a54e615968b,678795918aa424880ac96a2a,67cfb9de9d1b7a54e6159668,5,"3 Idiots is a heartwarming film about friendship, education and following one‚Äôs passion. It blends humor, emotion and meaningful life lessons, making it an enjoyable and inspiring watch for all",false,2025-03-11T04:24:19.757Z,3,67978394dee8c7cd3de2331b,,,,6800b6a843ce02c8f4031834,6800b6e443ce02c8f4037d81,,,,,,,,,,
67cfc1ba9d1b7a54e615d33d,67c311cabfa7b018b0a34e54,67977895dee8c7cd3de1d9bb,5,what a movie,false,2025-03-11T04:53:14.709Z,3,67977895dee8c7cd3de1d9bb,67978394dee8c7cd3de2331b,,,67cfc1d09d1b7a54e615d90a,,,,,,,,,,,
67cfc8a89d1b7a54e6183a7f,679db832dee8c7cd3df36a95,67977895dee8c7cd3de1d9bb,4,What a movie,false,2025-03-11T05:22:48.122Z,1,,,,,67cfc8b69d1b7a54e6183e6b,,,,,,,,,,,
67cfcf5c9d1b7a54e61a1609,67926c35dee8c7cd3ddb71c2,67977895dee8c7cd3de1d9bb,5,What a movie,false,2025-03-11T05:51:24.218Z,0,,,,,,,,,,,,,,,,
67cfcf5c9d1b7a54e61a16a4,67926c35dee8c7cd3ddb71c2,67977895dee8c7cd3de1d9bb,5,What a movie,false,2025-03-11T05:51:24.548Z,3,67977895dee8c7cd3de1d9bb,,,,67cfcf809d1b7a54e61a1f50,67ffae1b43ce02c8f4e95f9e,,,,,,,,,,
67cfdf159d1b7a54e6207e67,67925f1cdee8c7cd3ddb4e2a,67977895dee8c7cd3de1d9bb,4,Wha a movie,false,2025-03-11T06:58:29.260Z,0,,,,,,,,,,,,,,,,
67cfdf259d1b7a54e62084ae,678b7a399761bb8e19c28445,67977895dee8c7cd3de1d9bb,3,What a movie\n,false,2025-03-11T06:58:45.906Z,2,67977895dee8c7cd3de1d9bb,,,,67cfdf359d1b7a54e6208abf,,,,,,,,,,,
67d11ecf9d1b7a54e63a20d3,6790fea5366ba38eccfa9f44,67977895dee8c7cd3de1d9bb,4,What a movie,false,2025-03-12T05:42:39.678Z,0,,,,,,,,,,,,,,,,
67d1248c9d1b7a54e63d7c93,67a21dffdee8c7cd3d03a420,67977895dee8c7cd3de1d9bb,5,What a movie this is.,false,2025-03-12T06:07:08.839Z,1,681d8e218a820010af0ecefe,,,,,,,,,,,,,,,
67d125649d1b7a54e63de704,67c2f83e59646841f2e43444,67977895dee8c7cd3de1d9bb,5,What a movie,false,2025-03-12T06:10:44.865Z,1,67978394dee8c7cd3de2331b,,,,,,,,,,,,,,,
67d126909d1b7a54e63ecd74,679e2171dee8c7cd3df83440,67977895dee8c7cd3de1d9bb,4,What a movie this is.,false,2025-03-12T06:15:44.229Z,0,,,,,,,,,,,,,,,,
67d1913a9d1b7a54e64f94c1,679262bbdee8c7cd3ddb6132,67d190369d1b7a54e64e7ccb,4,One of the finest comedy movie I have ever seen!,false,2025-03-12T13:50:50.487Z,0,,,,,,,,,,,,,,,,
67d263619d1b7a54e650dde6,679e0d1adee8c7cd3df57135,67cfb9de9d1b7a54e6159668,5,"Stylish action, intense fights, stunning visuals, Reeves excels, thrilling sequel",false,2025-03-13T04:47:29.115Z,6,67cfb9de9d1b7a54e6159668,67978394dee8c7cd3de2331b,67b6e0dd547527513ea0ef0f,67d030b99d1b7a54e6329987,67fbed4443ce02c8f4fba522,6812d865727e76993a5aac93,,,,,,,,,,
67de8b6794c6fc81667e4450,679de238dee8c7cd3df43ec0,67977895dee8c7cd3de1d9bb,4,What a movie,false,2025-03-22T10:05:27.290Z,1,67977895dee8c7cd3de1d9bb,,,,,,,,,,,,,,,
67e28fb3337a172d8c94c462,67af4f25cb9d95b67b0f07c6,67977895dee8c7cd3de1d9bb,4,Awesome Movie Spak,false,2025-03-25T11:12:51.572Z,2,,,,,67ff431243ce02c8f493ad2b,6801088443ce02c8f43bc9dd,,,,,,,,,,
67e8314655d5c35205496a7b,67af45b8cb9d95b67b0e4914,67e8309355d5c3520549444a,5,Captain America fan,false,2025-03-29T17:43:34.204Z,0,,,,,,,,,,,,,,,,
67f4cd7324d7b4524e481a16,67ea723955d5c35205864e0b,67e7ea9955d5c352052a34b1,1,1 no. Ghatiya movie\n,false,2025-04-08T07:17:07.957Z,8,67977895dee8c7cd3de1d9bb,67cfb9de9d1b7a54e6159668,67bc0d0de31cabd7a2f25e2a,,67f75eb6ba4b94782891df41,,,,,,,,,,,
67fd372f43ce02c8f485f0f6,67fca8bc43ce02c8f4124823,67978394dee8c7cd3de2331b,3,This was a good movie! How a husband goes above & beyond to get rid of his wives killers! Decent acting from all!,false,2025-04-14T16:26:23.057Z,1,67977895dee8c7cd3de1d9bb,,,,,,,,,,,,,,,
67ff559e43ce02c8f4a83fa3,67fca8bc43ce02c8f4124823,67977895dee8c7cd3de1d9bb,5,Wow,false,2025-04-16T07:00:46.974Z,0,,,,,,,,,,,,,,,,
67ff6c1a43ce02c8f4afc77b,67bee931e31cabd7a2339f7e,67977895dee8c7cd3de1d9bb,3,What a movie this is. I really like this movie,false,2025-04-16T08:36:42.932Z,0,,,,,,,,,,,,,,,,
67ff6ef343ce02c8f4b116da,6790ee43366ba38eccfa26cb,67977895dee8c7cd3de1d9bb,3,What a movie,false,2025-04-16T08:48:51.117Z,0,,,,,,,,,,,,,,,,
67ff717943ce02c8f4b40cc8,678b78ac9761bb8e19c2751a,67977895dee8c7cd3de1d9bb,3,What a movie this is.,false,2025-04-16T08:59:37.047Z,0,,,,,,,,,,,,,,,,
67ff72fd43ce02c8f4b61469,678b78ac9761bb8e19c2751a,67977895dee8c7cd3de1d9bb,3,What a movie manju. ,false,2025-04-16T09:06:05.787Z,0,,,,,,,,,,,,,,,,
67ff75dd43ce02c8f4bc5f52,6784e05b14a0e21bdf716776,67977895dee8c7cd3de1d9bb,3,Wow,false,2025-04-16T09:18:21.760Z,1,67977895dee8c7cd3de1d9bb,,,,,,,,,,,,,,,
67ff873143ce02c8f4dedc77,66a20438519ff3d289917b8b,67977895dee8c7cd3de1d9bb,4,S,false,2025-04-16T10:32:17.221Z,0,,,,,,,,,,,,,,,,
67ff879143ce02c8f4df1c4f,679e0484dee8c7cd3df50f92,67977895dee8c7cd3de1d9bb,3,D,false,2025-04-16T10:33:53.830Z,0,,,,,,,,,,,,,,,,
67ff88cd43ce02c8f4df6eba,6787b0f2590503ad60a8fc5b,67977895dee8c7cd3de1d9bb,4,Wow,false,2025-04-16T10:39:09.475Z,0,,,,,,,,,,,,,,,,
67ff894a43ce02c8f4e0160e,679dfa14dee8c7cd3df4edb5,67977895dee8c7cd3de1d9bb,3,Wow,false,2025-04-16T10:41:14.133Z,0,,,,,,,,,,,,,,,,
67ff8b4043ce02c8f4e06fd0,678645ec8aa424880ac83a7e,67977895dee8c7cd3de1d9bb,3,Wow,false,2025-04-16T10:49:36.563Z,1,67977895dee8c7cd3de1d9bb,,,,,,,,,,,,,,,
67ff95e443ce02c8f4e516fd,6784f7848aa424880ac51ee2,67977895dee8c7cd3de1d9bb,3,Wow,false,2025-04-16T11:35:00.551Z,1,67977895dee8c7cd3de1d9bb,,,,,,,,,,,,,,,
67ffaf1743ce02c8f4eadf66,67926c35dee8c7cd3ddb71c2,67978394dee8c7cd3de2331b,4,Wonderful movie! Must watch for all Akshay fans!,false,2025-04-16T13:22:31.801Z,0,,,,,,,,,,,,,,,,
680089ca43ce02c8f4f1c57e,67d5716c9d1b7a54e65271f5,67977895dee8c7cd3de1d9bb,3,Wow,false,2025-04-17T04:55:38.845Z,7,67977895dee8c7cd3de1d9bb,,,,680089de43ce02c8f4f1c94f,68008a4b43ce02c8f4f1d8e9,68008a5543ce02c8f4f1da75,68008a6543ce02c8f4f1dc9e,68008a6e43ce02c8f4f1dde9,6800b37c43ce02c8f4fe9e70,,,,,,
68034f5643ce02c8f4f119bb,67ea723955d5c35205864e0b,67977895dee8c7cd3de1d9bb,5,Kya mujhe ye movie dekhna chahiye,false,2025-04-19T07:23:02.623Z,0,,,,,,,,,,,,,,,,
680e171de74394d87a17587e,678601148aa424880ac684e0,67978394dee8c7cd3de2331b,5,One of the best Action SCI Fi movie ever! What action! What Visual FX! Just amazing!,false,2025-04-27T11:38:05.309Z,3,67978394dee8c7cd3de2331b,67e7ea9955d5c352052a34b1,,,680e4bf7e74394d87a1bd132,,,,,,,,,,,
680e4febe74394d87a1dfc7d,6798e89fdee8c7cd3de557d0,67e7ea9955d5c352052a34b1,4,"Nice movie, good acting, over all is üòä ",false,2025-04-27T15:40:27.841Z,0,,,,,,,,,,,,,,,,
680e50ade74394d87a1ee12a,678b6c234b2a6d0ae2f761e8,67e7ea9955d5c352052a34b1,5,"What a thriller, one of best thriller & suspense movie.\nI would recommend to everyone must watch !",false,2025-04-27T15:43:41.472Z,2,67978394dee8c7cd3de2331b,,,,680e5b74e74394d87a22b389,,,,,,,,,,,
680e5117e74394d87a1f7866,6784fabe8aa424880ac52e56,67e7ea9955d5c352052a34b1,4,"The origin of batman, very nice.",false,2025-04-27T15:45:27.769Z,0,,,,,,,,,,,,,,,,
680e521ee74394d87a20909a,6778f1f509444f5a0efd13d3,67e7ea9955d5c352052a34b1,5,This masterpiece for the thriller & suspense lovers!\nSpecially ‚ÄúR madhvan‚Äù was fabulous ‚ù§Ô∏è,false,2025-04-27T15:49:50.895Z,2,67978394dee8c7cd3de2331b,,,,680e5b36e74394d87a225a1b,,,,,,,,,,,
680e54e8e74394d87a2131af,679e0ab9dee8c7cd3df54af1,67e7ea9955d5c352052a34b1,2,It was ok ok typeüòí,false,2025-04-27T16:01:44.387Z,4,67978394dee8c7cd3de2331b,67977895dee8c7cd3de1d9bb,,,680e5b19e74394d87a222f25,681b5e49145e3c5a910b39e0,,,,,,,,,,
6810d84c727e76993a885db1,677cd05c015ec47cd3636b89,67977895dee8c7cd3de1d9bb,5,Allah hoon akbar,false,2025-04-29T13:46:52.033Z,0,,,,,,,,,,,,,,,,
68121f7b727e76993a34f77d,67aa06e69bce55e0bbfae426,67978394dee8c7cd3de2331b,4,great story! amazing acting!,false,2025-04-30T13:02:51.435Z,0,,,,,,,,,,,,,,,,
68121f88727e76993a3531d9,679e0d1adee8c7cd3df57135,67e7ea9955d5c352052a34b1,5,"Full of action pack, superb üëå ",false,2025-04-30T13:03:04.805Z,5,67978394dee8c7cd3de2331b,,,,681c74f58a820010afe3ae11,682c7e2a971fd490fa75a3f2,682dd6d6971fd490fabc743e,683065cd971fd490faaafed1,,,,,,,,
68144657727e76993a644742,6798e45ddee8c7cd3de54682,67e7ea9955d5c352052a34b1,2,The songs were good but story is same typical bollywoodüòí,false,2025-05-02T04:13:11.385Z,0,,,,,,,,,,,,,,,,
681500ca727e76993ab0851e,6778f00d09444f5a0efd09e7,67978394dee8c7cd3de2331b,3,a decent flick!,false,2025-05-02T17:28:42.978Z,0,,,,,,,,,,,,,,,,
6819eb709be264bd12df19db,677d0f8d015ec47cd3646f3b,67977895dee8c7cd3de1d9bb,4,Awesome Movie,false,2025-05-06T10:58:56.437Z,2,67977895dee8c7cd3de1d9bb,,,,6819eb7f9be264bd12df30ba,,,,,,,,,,,
6819f3059be264bd12ea7db0,67a4deff9bce55e0bbef323c,67977895dee8c7cd3de1d9bb,4,Awesome Movie,false,2025-05-06T11:31:17.400Z,3,67977895dee8c7cd3de1d9bb,,,,681b3f458d92e647e278a85f,681b49698d92e647e296304e,,,,,,,,,,
6819f3ef9be264bd12eac513,67b8430de31cabd7a2e40add,67977895dee8c7cd3de1d9bb,4,Awesome Movie,false,2025-05-06T11:35:11.431Z,2,,,,,6819f4989be264bd12eaea25,681c4e672fddf14bf82ac1d3,,,,,,,,,,
681b5304145e3c5a91fcbc4b,6787a0ce8aa424880ac98de2,67977895dee8c7cd3de1d9bb,4,Awesome Movie,false,2025-05-07T12:33:08.146Z,1,,,,,681b530e145e3c5a91fcddbe,,,,,,,,,,,
681b578e145e3c5a91fe15b3,677cdfdd015ec47cd363f273,67977895dee8c7cd3de1d9bb,5,Awesome Nice,false,2025-05-07T12:52:30.630Z,2,67977895dee8c7cd3de1d9bb,,,,681b579c145e3c5a91fe198e,,,,,,,,,,,
681b5801145e3c5a91fe4dd2,678b8924c53ed6c089d3e9d1,67977895dee8c7cd3de1d9bb,5,Awesome Movie,false,2025-05-07T12:54:25.214Z,2,67977895dee8c7cd3de1d9bb,,,,681b580d145e3c5a91fe51a6,,,,,,,,,,,
681c4a9b145e3c5a9120f5d3,679df2eedee8c7cd3df4d52c,67977895dee8c7cd3de1d9bb,4,Awesome Movie,false,2025-05-08T06:09:31.921Z,2,67977895dee8c7cd3de1d9bb,,,,681c4aa9145e3c5a9120f9b8,,,,,,,,,,,
681c4c57145e3c5a91229f94,677929a509444f5a0efda313,67977895dee8c7cd3de1d9bb,5,Nice Moview ,false,2025-05-08T06:16:55.210Z,2,67977895dee8c7cd3de1d9bb,,,,681c4c70145e3c5a9122a68f,,,,,,,,,,,
681d8ca18a820010af0cabc2,67c2def359646841f2d24c73,67977895dee8c7cd3de1d9bb,4,Awesome Movie,false,2025-05-09T05:03:29.539Z,5,,,,,681d8ce28a820010af0cbbac,,,,,,,,,,,
681d8eb98a820010af0f1a28,6803745543ce02c8f40e8794,67977895dee8c7cd3de1d9bb,4,Awesome Movie,false,2025-05-09T05:12:25.000Z,0,,,,,,,,,,,,,,,,
681d9ac68a820010af13fc9e,67c302c659646841f2ed4e96,67977895dee8c7cd3de1d9bb,5,Very Bad Movie,false,2025-05-09T06:03:50.532Z,0,,,,,,,,,,,,,,,,
681d9ad68a820010af1401ba,67d1aeef9d1b7a54e6505850,67977895dee8c7cd3de1d9bb,4,Awesome Movie,false,2025-05-09T06:04:06.405Z,0,,,,,,,,,,,,,,,,
681d9c738a820010af147606,67d581b09d1b7a54e652ddd7,67977895dee8c7cd3de1d9bb,4,Nice Movie,false,2025-05-09T06:10:59.612Z,0,,,,,,,,,,,,,,,,
681d9c818a820010af1479f9,679df739dee8c7cd3df4e3d0,67977895dee8c7cd3de1d9bb,4,Awesome Movie,false,2025-05-09T06:11:13.340Z,0,,,,,,,,,,,,,,,,
681dab328a820010af1a1c02,6788fec4a7f15bb1fc064963,67977895dee8c7cd3de1d9bb,5,Awesome Movie,false,2025-05-09T07:13:54.400Z,0,,,,,,,,,,,,,,,,
681dab8f8a820010af1aba8c,6803a96c43ce02c8f4618c5f,67977895dee8c7cd3de1d9bb,5,Kya Movie hai,false,2025-05-09T07:15:27.388Z,0,,,,,,,,,,,,,,,,
681dd23a8a820010af3da0ed,6779268b09444f5a0efd998c,67977895dee8c7cd3de1d9bb,5,Wow,false,2025-05-09T10:00:26.397Z,5,681d8e218a820010af0ecefe,67977895dee8c7cd3de1d9bb,,,682c4d75971fd490faf7aeb4,,,,,,,,,,,
68231c61f821c91036f806e6,678b2b92231a47ce466654d6,681d8e218a820010af0ecefe,4,Awesome Movie,false,2025-05-13T10:18:09.221Z,0,,,,,,,,,,,,,,,,
68231c80f821c91036f85d48,678b2b92231a47ce466654d6,681d8e218a820010af0ecefe,3,Nice Movie #zindaginamiledobara,false,2025-05-13T10:18:40.191Z,6,,,,,68231dd1f821c91036fab47b,68231e1df821c91036fb3463,68231e53f821c91036fb8ded,68231e98f821c91036fc02bf,68231ef8f821c91036fca1c9,68231f01f821c91036fcb4fd,,,,,,
68231faaf821c91036fdcd12,678b2b92231a47ce466654d6,681d8e218a820010af0ecefe,3,Awesome Movi #zind,false,2025-05-13T10:32:10.395Z,5,,,,,68232003f821c91036fe60ac,68232128f821c91036006e0d,68232133f821c91036008147,68232154f821c9103600b7dc,68232175f821c9103600f1db,,,,,,,
682326574b313337099c0f68,678ba06d03b60043540c03c0,681d8e218a820010af0ecefe,4,#test #manish,false,2025-05-13T11:00:39.867Z,2,,,,,682326664b313337099c3d05,682327474b313337099f0033,,,,,,,,,,
6825d7624e3cf314e567826a,679dff0bdee8c7cd3df4fccb,681d8e218a820010af0ecefe,3,@shivstuff @aditi506 ,false,2025-05-15T12:00:34.407Z,0,,,,,,,,,,,,,,,,
6825d8704e3cf314e567c618,679dff0bdee8c7cd3df4fccb,681d8e218a820010af0ecefe,3,@shivstuff @aditi506 ,false,2025-05-15T12:05:04.376Z,0,,,,,,,,,,,,,,,,
6825d9444e3cf314e567fbad,679dff0bdee8c7cd3df4fccb,681d8e218a820010af0ecefe,4,@shivstuff @aditi506 ,false,2025-05-15T12:08:36.059Z,0,,,,,,,,,,,,,,,,
6825da034e3cf314e568a325,678ba06d03b60043540c03c0,681d8e218a820010af0ecefe,3,Bad movies @manchow ,false,2025-05-15T12:11:47.564Z,0,,,,,,,,,,,,,,,,
6825e13b4e3cf314e57474f8,678ba06d03b60043540c03c0,681d8e218a820010af0ecefe,4,@shivstuff @Nishri ,false,2025-05-15T12:42:35.233Z,10,,,,,6825eec54e3cf314e58a427f,6826d4cc318d146247ae7af0,6826d5cb8e9ab887afa910e1,6826d60642c0e4e026b96a16,6826d6951a06565dc10b11b1,6826d72a808a7b2351b0403a,6826d73d808a7b2351b0613d,6826d7b6808a7b2351b13652,6826d7fa808a7b2351b1aec9,6826e5b8c093f0200a1550c1,,
6825e50c4e3cf314e5794a02,67a6162d9bce55e0bbf9dd38,681d8e218a820010af0ecefe,4,Awesome Movie @shivstuff @Nishri ,false,2025-05-15T12:58:52.925Z,2,681d8e218a820010af0ecefe,,,,6825e51e4e3cf314e5796911,,,,,,,,,,,
6826cdf3318d146247a35872,68037a7043ce02c8f4151a01,681d8e218a820010af0ecefe,5,Awesome Moview,false,2025-05-16T05:32:35.904Z,0,,,,,,,,,,,,,,,,
6826e521c093f0200a1447fc,67860be18aa424880ac6c5d4,681d8e218a820010af0ecefe,5,@shivstuff @Nilesh501 ,false,2025-05-16T07:11:29.488Z,0,,,,,,,,,,,,,,,,
6826f8f3ba51b7d5cf561957,678bb16603b60043540c768c,681d8e218a820010af0ecefe,4,@shivstuff ,false,2025-05-16T08:36:03.233Z,2,,,,,6826f903ba51b7d5cf561dbe,6826fe0dba51b7d5cf5d6cc8,,,,,,,,,,
68273976971fd490fa985d33,6778ee9609444f5a0efcfc46,67977895dee8c7cd3de1d9bb,3,Wow @aditi506 ,false,2025-05-16T13:11:18.106Z,0,,,,,,,,,,,,,,,,
682c4e03971fd490faf9864f,677ce892015ec47cd3640df9,67977895dee8c7cd3de1d9bb,3,Awesome @shivstuff ,false,2025-05-20T09:40:19.218Z,2,67977895dee8c7cd3de1d9bb,,,,682c4e11971fd490faf9b485,,,,,,,,,,,
682c67a0971fd490fa37c3f7,67c2e28159646841f2d58f86,67977895dee8c7cd3de1d9bb,3,Ok Movie,false,2025-05-20T11:29:36.722Z,3,67977895dee8c7cd3de1d9bb,,,,682c67c5971fd490fa38439b,682db276971fd490fa6896ed,,,,,,,,,,
682eea2e971fd490faeeade6,6825c5ec4b313337093698bb,67977895dee8c7cd3de1d9bb,4,Nice Movie,false,2025-05-22T09:11:10.321Z,3,67977895dee8c7cd3de1d9bb,,,,682eea3e971fd490faeec59d,682ef401971fd490fa014ea4,,,,,,,,,,
68305ad9971fd490fa9f08c5,679dc0dddee8c7cd3df38cab,681d8e218a820010af0ecefe,4,Bad Movie,false,2025-05-23T11:24:09.696Z,3,681d8e218a820010af0ecefe,67977895dee8c7cd3de1d9bb,,,68305ae4971fd490fa9f1736,,,,,,,,,,,
68305b9a971fd490faa01c8e,678e5d326c028a2bde4dee0c,681d8e218a820010af0ecefe,3,Bad Movie,false,2025-05-23T11:27:22.549Z,2,681d8e218a820010af0ecefe,,,,68305bd2971fd490faa03e73,,,,,,,,,,,
683447b7400a039771daf617,679e12dbdee8c7cd3df6146b,67977895dee8c7cd3de1d9bb,3,Awesome moview,false,2025-05-26T10:51:35.883Z,0,,,,,,,,,,,,,,,,
683447f0400a039771db4a06,67b96df1e31cabd7a2ed10bf,67977895dee8c7cd3de1d9bb,3,Awesome movie,false,2025-05-26T10:52:32.116Z,0,,,,,,,,,,,,,,,,
68344f5e9580e555c7c83406,6803745543ce02c8f40e8794,681d8e218a820010af0ecefe,4,Bad movie,false,2025-05-26T11:24:14.075Z,0,,,,,,,,,,,,,,,,
68344f9a400a039771df97c8,6803745543ce02c8f40e8794,67977895dee8c7cd3de1d9bb,3,I like the movie,false,2025-05-26T11:25:14.825Z,0,,,,,,,,,,,,,,,,
68344ff0400a039771dfe565,678611088aa424880ac6e25c,67977895dee8c7cd3de1d9bb,3,Wowo,false,2025-05-26T11:26:40.093Z,0,,,,,,,,,,,,,,,,
68345b97213899e6a132f38c,682defb3971fd490fac2b995,681d8e218a820010af0ecefe,3,Bad movie,false,2025-05-26T12:16:23.856Z,0,,,,,,,,,,,,,,,,
68345bbc213899e6a132fdd9,682defb3971fd490fac2b995,681d8e218a820010af0ecefe,1,1,false,2025-05-26T12:17:00.440Z,0,,,,,,,,,,,,,,,,
68345bd7213899e6a13305bd,682defb3971fd490fac2b995,681d8e218a820010af0ecefe,3,Ds,false,2025-05-26T12:17:27.791Z,0,,,,,,,,,,,,,,,,
68345eaa213899e6a133c8b6,67927181dee8c7cd3ddb9012,681d8e218a820010af0ecefe,4,Bekar movie,false,2025-05-26T12:29:30.676Z,0,,,,,,,,,,,,,,,,
